index,time,P1s1,P1s2,P2s1,P2s2,P3s1,P3s2,B1->T,B2->T,B3->T,1 final,2 final,3 final,Location
0,10.9,268.9,,194.5,,196.7,,268.9,194.5,196.7,241.0,191.0,191.0,[ 150.   118.5 -146.8]
1,11.0,,260.4,,190.8,,192.5,260.4,190.8,192.5,232.0,187.0,186.0,[ 142.4  116.6 -141.2]
2,11.1,266.4,,191.6,,192.3,,266.4,191.6,192.3,238.0,188.0,186.0,[ 149.2  119.8 -141.5]
3,11.2,,264.5,,191.8,,192.3,264.5,191.8,192.3,236.0,188.0,186.0,[ 146.5  118.9 -141.8]
4,11.3,266.3,,191.5,,193.0,,266.3,191.5,193.0,238.0,188.0,187.0,[ 149.2  119.  -142.2]
5,11.4,,263.1,,190.7,,192.3,263.1,190.7,192.3,235.0,187.0,186.0,[ 146.3  118.  -141.1]
6,11.5,266.3,,191.6,,194.5,,266.3,191.6,194.5,238.0,188.0,188.0,[ 149.2  118.2 -142.9]
7,11.6,,263.3,,191.9,,193.1,263.3,191.9,193.1,235.0,188.0,187.0,[ 145.2  117.6 -142.5]
8,11.7,266.7,,191.8,,192.6,,266.7,191.8,192.6,238.0,188.0,186.0,[ 149.2  119.8 -141.5]
9,11.8,,266.0,,192.7,,192.5,266.0,192.7,192.5,238.0,189.0,186.0,[ 148.1  120.3 -142.3]
10,11.9,271.3,,196.8,,194.8,,271.3,196.8,194.8,243.0,193.0,189.0,[ 150.6  122.  -146.6]
11,12.0,,263.4,,192.9,,192.2,263.4,192.9,192.2,235.0,189.0,186.0,[ 144.2  118.9 -142.5]
12,12.1,275.7,,197.9,,194.8,,275.7,197.9,194.8,247.0,194.0,189.0,[ 154.9  124.4 -146.8]
13,12.2,,267.4,,197.5,,196.3,267.4,197.5,196.3,239.0,194.0,190.0,[ 144.1  119.8 -148.3]
14,12.3,266.4,,191.4,,192.5,,266.4,191.4,192.5,238.0,188.0,186.0,[ 149.2  119.8 -141.5]
15,12.4,,264.6,,191.8,,192.7,264.6,191.8,192.7,236.0,188.0,187.0,[ 146.5  118.1 -142.4]
16,12.5,265.9,,191.9,,191.6,,265.9,191.9,191.6,238.0,188.0,185.0,[ 149.2  120.6 -140.9]
17,12.6,,261.5,,190.9,,192.3,261.5,190.9,192.3,233.0,187.0,186.0,[ 143.7  117.1 -141.2]
18,12.7,267.2,,193.3,,192.7,,267.2,193.3,192.7,239.0,190.0,187.0,[ 148.4  120.4 -143.5]
19,12.8,,262.4,,190.7,,192.6,262.4,190.7,192.6,234.0,187.0,186.0,[ 145.   117.5 -141.2]
20,12.9,269.0,,194.1,,192.9,,269.0,194.1,192.9,241.0,191.0,187.0,[ 150.   121.8 -144. ]
21,13.0,,263.7,,192.6,,192.2,263.7,192.6,192.2,235.0,189.0,186.0,[ 144.2  118.9 -142.5]
22,13.1,266.0,,191.9,,193.7,,266.0,191.9,193.7,238.0,188.0,188.0,[ 149.2  118.2 -142.9]
23,13.2,,265.0,,190.8,,192.3,265.0,190.8,192.3,237.0,187.0,186.0,[ 148.9  118.9 -140.9]
24,13.3,265.9,,191.9,,196.0,,265.9,191.9,196.0,238.0,188.0,190.0,[ 149.2  116.5 -144.3]
25,13.4,,264.6,,192.2,,193.8,264.6,192.2,193.8,236.0,189.0,188.0,[ 145.5  117.7 -143.8]
26,13.5,270.1,,195.6,,197.7,,270.1,195.6,197.7,242.0,192.0,192.0,[ 150.3  118.6 -148. ]
27,13.6,,261.1,,190.9,,192.3,261.1,190.9,192.3,233.0,187.0,186.0,[ 143.7  117.1 -141.2]
28,13.7,266.3,,192.2,,194.5,,266.3,192.2,194.5,238.0,189.0,188.0,[ 148.1  118.7 -143.6]
29,13.9,,261.5,,191.1,,192.2,261.5,191.1,192.2,233.0,188.0,186.0,[ 142.6  117.6 -141.9]
30,14.0,265.2,,191.8,,192.7,,265.2,191.8,192.7,237.0,188.0,187.0,[ 147.8  118.6 -142.3]
31,14.1,,269.0,,195.9,,195.1,269.0,195.9,195.1,241.0,192.0,189.0,[ 148.9  120.6 -146.2]
32,14.2,264.4,,190.9,,193.3,,264.4,190.9,193.3,236.0,187.0,187.0,[ 147.6  117.6 -141.7]
33,14.3,,267.4,,193.7,,193.7,267.4,193.7,193.7,239.0,190.0,188.0,[ 148.4  119.6 -144.2]
34,14.4,267.0,,194.0,,197.5,,267.0,194.0,197.5,239.0,190.0,191.0,[ 148.4  117.1 -146.2]
35,14.5,,264.4,,192.5,,193.3,264.4,192.5,193.3,236.0,189.0,187.0,[ 145.5  118.5 -143.1]
36,14.6,272.9,,192.0,,195.6,,272.9,192.0,195.6,245.0,188.0,189.0,[ 158.6  120.6 -142.6]
37,14.7,,262.0,,191.4,,192.7,262.0,191.4,192.7,234.0,188.0,187.0,[ 143.9  117.2 -142.5]
38,14.8,266.7,,191.6,,193.3,,266.7,191.6,193.3,238.0,188.0,187.0,[ 149.2  119.  -142.2]
39,14.9,,264.4,,190.7,,192.5,264.4,190.7,192.5,236.0,187.0,186.0,[ 147.6  118.4 -141. ]
40,15.0,336.7,,191.8,,192.6,,264.4,191.8,192.6,236.0,188.0,186.0,[ 146.5  118.9 -141.8]
41,15.1,,340.2,,191.8,,192.7,340.2,191.8,192.7,312.0,188.0,187.0,[262.2 158.3 -59.5]
42,15.2,337.5,,194.1,,192.9,,340.2,194.1,192.9,312.0,191.0,187.0,[259.1 159.7 -68.6]
43,15.3,,249.0,,192.2,,192.7,249.0,192.2,192.7,221.0,189.0,187.0,[ 126.4  111.9 -142.6]
44,15.4,336.9,,192.5,,193.7,,249.0,192.5,193.7,221.0,189.0,188.0,[ 126.4  111.1 -143.3]
45,15.5,,261.1,,191.8,,192.3,261.1,191.8,192.3,233.0,188.0,186.0,[ 142.6  117.6 -141.9]
46,15.6,251.0,,192.9,,195.8,,251.0,192.9,195.8,223.0,189.0,190.0,[ 128.9  110.3 -144.7]
47,15.7,,262.0,,190.9,,192.7,262.0,190.9,192.7,234.0,187.0,187.0,[ 145.   116.7 -141.8]
48,15.8,267.4,,193.4,,193.0,,267.4,193.4,193.0,239.0,190.0,187.0,[ 148.4  120.4 -143.5]
49,15.9,,264.2,,191.5,,192.3,264.2,191.5,192.3,236.0,188.0,186.0,[ 146.5  118.9 -141.8]
50,16.0,266.1,,193.0,,196.2,,266.1,193.0,196.2,238.0,189.0,190.0,[ 148.1  117.  -145. ]
51,16.1,,263.8,,192.9,,193.6,263.8,192.9,193.6,235.0,189.0,187.0,[ 144.2  118.1 -143.1]
52,16.2,264.8,,191.8,,195.8,,264.8,191.8,195.8,236.0,188.0,190.0,[ 146.5  115.6 -144.5]
53,16.3,,259.0,,190.4,,192.7,259.0,190.4,192.7,231.0,187.0,187.0,[ 141.1  115.4 -141.9]
54,16.4,264.2,,190.7,,192.9,,264.2,190.7,192.9,236.0,187.0,187.0,[ 147.6  117.6 -141.7]
55,16.5,,262.3,,193.3,,194.2,262.3,193.3,194.2,234.0,190.0,188.0,[ 141.8  117.3 -144.5]
56,16.6,267.5,,193.6,,196.8,,267.5,193.6,196.8,239.0,190.0,191.0,[ 148.4  117.1 -146.2]
57,16.7,,262.3,,192.3,,192.3,262.3,192.3,192.3,234.0,189.0,186.0,[ 142.9  118.4 -142.5]
58,16.8,265.9,,191.9,,196.2,,265.9,191.9,196.2,238.0,188.0,190.0,[ 149.2  116.5 -144.3]
59,16.9,,261.5,,191.2,,192.9,261.5,191.2,192.9,233.0,188.0,187.0,[ 142.6  116.7 -142.6]
60,17.1,266.4,,192.9,,194.4,,266.4,192.9,194.4,238.0,189.0,188.0,[ 148.1  118.7 -143.6]
61,17.2,,261.7,,190.8,,192.3,261.7,190.8,192.3,233.0,187.0,186.0,[ 143.7  117.1 -141.2]
62,17.3,267.1,,192.0,,196.0,,267.1,192.0,196.0,239.0,188.0,190.0,[ 150.5  117.  -144.2]
63,17.4,,265.2,,191.8,,192.2,265.2,191.8,192.2,237.0,188.0,186.0,[ 147.8  119.4 -141.7]
64,17.5,266.8,,192.5,,195.2,,266.8,192.5,195.2,238.0,189.0,189.0,[ 148.1  117.8 -144.3]
65,17.6,,261.1,,190.5,,192.2,261.1,190.5,192.2,233.0,187.0,186.0,[ 143.7  117.1 -141.2]
66,17.7,266.7,,191.4,,195.8,,266.7,191.4,195.8,238.0,188.0,190.0,[ 149.2  116.5 -144.3]
67,17.8,,263.8,,192.7,,194.1,263.8,192.7,194.1,235.0,189.0,188.0,[ 144.2  117.3 -143.8]
68,17.9,266.8,,191.5,,195.9,,266.8,191.5,195.9,238.0,188.0,190.0,[ 149.2  116.5 -144.3]
69,18.0,,261.2,,191.6,,192.5,261.2,191.6,192.5,233.0,188.0,186.0,[ 142.6  117.6 -141.9]
70,18.1,268.1,,193.4,,196.4,,268.1,193.4,196.4,240.0,190.0,190.0,[ 149.7  118.4 -145.5]
71,18.2,,263.1,,191.5,,192.7,263.1,191.5,192.7,235.0,188.0,187.0,[ 145.2  117.6 -142.5]
72,18.3,266.8,,193.0,,193.0,,266.8,193.0,193.0,238.0,189.0,187.0,[ 148.1  119.5 -142.9]
73,18.4,,264.1,,194.8,,194.4,264.1,194.8,194.4,236.0,191.0,188.0,[ 143.4  118.6 -145.1]
74,18.5,266.7,,192.5,,193.0,,266.7,192.5,193.0,238.0,189.0,187.0,[ 148.1  119.5 -142.9]
75,18.6,,270.2,,191.1,,192.7,270.2,191.1,192.7,242.0,188.0,187.0,[ 154.5  120.9 -141.7]
76,18.7,266.5,,192.5,,193.1,,266.5,192.5,193.1,238.0,189.0,187.0,[ 148.1  119.5 -142.9]
77,18.8,,263.7,,190.8,,192.3,263.7,190.8,192.3,235.0,187.0,186.0,[ 146.3  118.  -141.1]
78,18.9,269.0,,193.6,,192.5,,269.0,193.6,192.5,241.0,190.0,186.0,[ 151.1  122.1 -142.6]
79,19.0,,267.0,,191.6,,192.9,267.0,191.6,192.9,239.0,188.0,187.0,[ 150.5  119.5 -142.1]
80,19.1,270.1,,194.5,,194.0,,270.1,194.5,194.0,242.0,191.0,188.0,[ 151.3  121.4 -144.7]
81,19.2,,264.2,,190.4,,192.3,264.2,190.4,192.3,236.0,187.0,186.0,[ 147.6  118.4 -141. ]
82,19.3,265.9,,191.6,,193.7,,265.9,191.6,193.7,238.0,188.0,188.0,[ 149.2  118.2 -142.9]
83,19.4,,261.5,,190.8,,192.0,261.5,190.8,192.0,233.0,187.0,186.0,[ 143.7  117.1 -141.2]
84,19.5,267.1,,191.6,,192.6,,267.1,191.6,192.6,239.0,188.0,186.0,[ 150.5  120.3 -141.4]
85,19.6,,263.7,,193.7,,194.5,263.7,193.7,194.5,235.0,190.0,188.0,[ 143.1  117.7 -144.5]
86,19.7,266.3,,191.5,,194.0,,266.3,191.5,194.0,238.0,188.0,188.0,[ 149.2  118.2 -142.9]
87,19.8,,264.4,,191.5,,192.5,264.4,191.5,192.5,236.0,188.0,186.0,[ 146.5  118.9 -141.8]
88,19.9,266.8,,191.5,,195.1,,266.8,191.5,195.1,238.0,188.0,189.0,[ 149.2  117.4 -143.5]
89,20.0,,263.0,,190.9,,192.0,263.0,190.9,192.0,235.0,187.0,186.0,[ 146.3  118.  -141.1]
90,20.1,266.7,,192.7,,193.6,,266.7,192.7,193.6,238.0,189.0,187.0,[ 148.1  119.5 -142.9]
91,20.3,,264.1,,191.2,,193.0,264.1,191.2,193.0,236.0,188.0,187.0,[ 146.5  118.1 -142.4]
92,20.4,265.4,,192.2,,192.6,,265.4,192.2,192.6,237.0,189.0,186.0,[ 146.8  119.8 -142.4]
93,20.5,,261.6,,191.1,,192.3,261.6,191.1,192.3,233.0,188.0,186.0,[ 142.6  117.6 -141.9]
94,20.6,270.0,,191.9,,195.1,,270.0,191.9,195.1,242.0,188.0,189.0,[ 154.5  119.2 -143.1]
95,20.7,,262.7,,191.5,,192.2,262.7,191.5,192.2,234.0,188.0,186.0,[ 143.9  118.  -141.9]
96,20.8,266.7,,192.0,,195.3,,266.7,192.0,195.3,238.0,188.0,189.0,[ 149.2  117.4 -143.5]
97,20.9,,264.6,,193.3,,192.5,264.6,193.3,192.5,236.0,190.0,186.0,[ 144.4  119.8 -143.2]
98,21.0,268.7,,193.1,,197.1,,268.7,193.1,197.1,240.0,190.0,191.0,[ 149.7  117.6 -146.2]
99,21.1,,267.1,,320.1,,193.4,267.1,320.1,193.4,239.0,317.0,187.0,[ -30.5  198.2 -130. ]
100,21.2,266.5,,190.1,,196.2,,266.5,190.1,196.2,238.0,187.0,190.0,[ 150.2  116.1 -143.5]
101,21.3,,265.3,,189.6,,193.7,265.3,189.6,193.7,237.0,186.0,188.0,[ 149.9  116.8 -141.6]
102,21.4,282.9,,190.7,,197.7,,282.9,190.7,197.7,255.0,187.0,192.0,[ 173.5  122.5 -141.1]
103,21.5,,269.3,,186.0,,195.5,269.3,186.0,195.5,241.0,182.0,189.0,[ 159.3  116.1 -138.7]
104,21.6,272.6,,185.5,,200.6,,272.6,185.5,200.6,244.0,182.0,194.0,[ 163.4  113.3 -141.4]
105,21.7,,269.8,,326.4,,198.9,269.8,185.5,198.9,241.0,182.0,193.0,[ 159.3  112.8 -141.4]
106,21.8,273.3,,175.0,,202.2,,273.3,175.0,202.2,245.0,171.0,196.0,[ 175.5  107.4 -133. ]
107,21.9,,280.8,,174.2,,203.0,280.8,174.2,203.0,252.0,171.0,197.0,[ 185.2  109.9 -130.9]
108,22.0,275.6,,170.1,,207.3,,275.6,170.1,207.3,247.0,167.0,201.0,[ 182.   102.4 -131.9]
109,22.1,,278.8,,172.0,,208.4,278.8,172.0,208.4,250.0,168.0,202.0,[ 185.2  103.4 -132.3]
110,22.2,279.4,,165.8,,211.5,,279.4,165.8,211.5,251.0,162.0,205.0,[ 192.1   98.8 -127.8]
111,22.3,,276.8,,164.9,,211.3,276.8,164.9,211.3,248.0,161.0,205.0,[ 188.8   97.  -128.3]
112,22.4,281.0,,164.3,,214.3,,281.0,164.3,214.3,253.0,161.0,208.0,[ 195.8   96.7 -127.8]
113,22.5,,280.8,,159.4,,216.5,280.8,159.4,216.5,252.0,156.0,210.0,[ 198.8   92.5 -124.2]
114,22.6,286.2,,156.1,,219.8,,286.2,156.1,219.8,258.0,153.0,214.0,[ 209.9   90.6 -119.6]
115,22.7,,285.2,,153.5,,221.4,285.2,153.5,221.4,257.0,150.0,215.0,[ 211.    88.1 -117.3]
116,22.8,299.1,,149.2,,228.0,,299.1,149.2,228.0,271.0,146.0,222.0,[ 234.8   87.2 -103.5]
117,22.9,,289.6,,145.3,,225.9,289.6,145.3,225.9,261.0,142.0,220.0,[ 223.2   82.6 -107.1]
118,23.0,293.2,,139.8,,235.4,,293.2,139.8,235.4,265.0,136.0,229.0,[ 233.7   73.8 -100.8]
119,23.1,,295.5,,141.7,,231.0,295.5,141.7,231.0,267.0,138.0,225.0,[235.1  79.4 -98.6]
120,23.2,298.5,,135.0,,237.2,,298.5,135.0,237.2,270.0,131.0,231.0,[244.8  72.8 -87.6]
121,23.3,,298.5,,135.1,,234.7,298.5,135.1,234.7,270.0,132.0,229.0,[244.1  75.1 -87.6]
122,23.5,302.4,,129.6,,242.0,,302.4,129.6,242.0,274.0,126.0,236.0,[254.4  68.3 -75.4]
123,23.6,,300.8,,132.0,,238.4,300.8,132.0,238.4,272.0,128.0,232.0,[250.   71.9 -79.5]
124,23.7,303.5,,132.5,,245.8,,303.5,132.5,245.8,275.0,129.0,240.0,[253.8  65.6 -83.1]
125,23.8,,303.2,,133.3,,240.6,303.2,133.3,240.6,275.0,130.0,234.0,[253.1  72.1 -79.8]
126,23.9,313.2,,130.9,,248.0,,313.2,130.9,248.0,285.0,127.0,242.0,[270.8  68.3 -56.8]
127,24.0,,302.9,,325.4,,240.5,302.9,130.9,240.5,275.0,127.0,234.0,[255.3  71.1 -73.4]
128,24.1,307.7,,131.1,,251.5,,307.7,131.1,251.5,279.0,128.0,245.0,[260.7  62.1 -77.6]
129,24.2,,310.2,,322.2,,239.9,310.2,131.1,239.9,282.0,128.0,234.0,[265.4  75.2 -58.6]
130,24.3,306.7,,129.8,,249.4,,306.7,129.8,249.4,278.0,126.0,243.0,[260.6  63.1 -73.4]
131,24.4,,306.6,,132.0,,240.5,306.6,132.0,240.5,278.0,128.0,234.0,[259.2  73.  -69.1]
132,24.5,307.0,,128.4,,244.0,,307.0,128.4,244.0,279.0,125.0,238.0,[262.8  68.6 -63.8]
133,24.6,,304.1,,324.9,,240.3,304.1,128.4,240.3,276.0,125.0,234.0,[258.2  71.  -66.8]
134,24.7,307.0,,130.3,,244.3,,307.0,130.3,244.3,279.0,127.0,238.0,[261.4  69.2 -68.7]
135,24.8,,304.8,,324.6,,239.2,304.8,130.3,239.2,276.0,127.0,233.0,[256.8  72.7 -70.3]
136,24.9,304.5,,127.7,,246.5,,304.5,127.7,246.5,276.0,124.0,240.0,[258.9  64.6 -70.5]
137,25.0,,303.3,,132.0,,239.9,303.3,132.0,239.9,275.0,128.0,234.0,[254.6  71.4 -75.5]
138,25.1,304.7,,128.2,,243.9,,304.7,128.2,243.9,276.0,125.0,238.0,[258.2  66.9 -70.9]
139,25.2,,302.2,,130.4,,239.8,302.2,130.4,239.8,274.0,127.0,234.0,[253.7  70.6 -75.7]
140,25.3,312.5,,134.8,,251.7,,312.5,134.8,251.7,284.0,131.0,246.0,[266.4  64.7 -74.2]
141,25.4,,306.3,,135.8,,242.0,306.3,135.8,242.0,278.0,132.0,236.0,[256.3  72.2 -79.9]
142,25.5,302.4,,128.2,,242.8,,302.4,128.2,242.8,274.0,125.0,237.0,[255.1  66.9 -74.3]
143,25.6,,306.1,,133.5,,239.1,306.1,133.5,239.1,278.0,130.0,233.0,[257.7  74.7 -72.8]
144,25.7,302.5,,130.3,,243.9,,302.5,130.3,243.9,274.0,127.0,238.0,[253.7  66.5 -79.3]
145,25.8,,299.9,,132.0,,238.1,299.9,132.0,238.1,272.0,128.0,232.0,[250.   71.9 -79.5]
146,25.9,306.1,,130.2,,246.1,,306.1,130.2,246.1,278.0,127.0,240.0,[259.9  66.5 -72.9]
147,26.0,,308.9,,131.7,,238.1,308.9,131.7,238.1,281.0,128.0,232.0,[263.8  76.7 -59.1]
148,26.1,304.3,,131.0,,241.3,,304.3,131.0,241.3,276.0,127.0,235.0,[256.8  70.6 -72.4]
149,26.2,,302.1,,133.3,,239.1,302.1,133.3,239.1,274.0,130.0,233.0,[251.6  72.5 -80.7]
150,26.3,300.4,,129.1,,241.0,,300.4,129.1,241.0,272.0,126.0,235.0,[251.4  68.2 -78.3]
151,26.4,,301.0,,134.4,,238.7,301.0,134.4,238.7,273.0,131.0,233.0,[249.4  72.3 -84.3]
152,26.5,300.4,,130.9,,241.3,,300.4,130.9,241.3,272.0,127.0,235.0,[250.7  68.5 -80.3]
153,26.7,,300.0,,137.0,,237.2,300.0,137.0,237.2,272.0,133.0,231.0,[246.4  74.4 -88. ]
154,26.8,299.2,,132.8,,245.1,,299.2,132.8,245.1,271.0,129.0,239.0,[247.8  64.5 -88.7]
155,26.9,,296.3,,137.0,,236.2,296.3,137.0,236.2,268.0,133.0,230.0,[240.4  73.4 -93. ]
156,27.0,305.9,,137.6,,246.5,,305.9,137.6,246.5,278.0,134.0,240.0,[254.8  68.7 -87.4]
157,27.1,,302.4,,140.0,,235.9,302.4,140.0,235.9,274.0,136.0,230.0,[247.2  77.5 -89.2]
158,27.2,302.4,,137.3,,240.5,,302.4,137.3,240.5,274.0,134.0,234.0,[248.7  72.8 -89. ]
159,27.3,,301.8,,142.9,,237.5,301.8,142.9,237.5,273.0,139.0,231.0,[243.4  76.9 -96.8]
160,27.4,300.2,,136.3,,239.8,,300.2,136.3,239.8,272.0,133.0,234.0,[246.4  71.4 -90.4]
161,27.5,,296.2,,138.5,,233.9,296.2,138.5,233.9,268.0,135.0,228.0,[238.9  76.  -94.7]
162,27.6,299.3,,138.4,,235.8,,299.3,138.4,235.8,271.0,135.0,230.0,[243.4  75.6 -92.1]
163,27.7,,295.6,,140.6,,233.2,295.6,140.6,233.2,267.0,137.0,227.0,[235.9  77.1 -98.5]
164,27.8,297.0,,139.4,,236.6,,297.0,139.4,236.6,269.0,136.0,230.0,[239.6  74.9 -96.7]
165,27.9,,295.4,,139.2,,233.2,295.4,139.2,233.2,267.0,136.0,227.0,[236.6  76.8 -97. ]
166,28.0,305.5,,142.2,,241.4,,305.5,142.2,241.4,277.0,139.0,235.0,[249.5  75.  -94.1]
167,28.1,,294.9,,140.5,,231.3,294.9,140.5,231.3,267.0,137.0,225.0,[235.9  79.1 -96.9]
168,28.2,301.3,,145.5,,235.8,,301.3,145.5,235.8,273.0,142.0,230.0,[ 241.   79. -101.]
169,28.3,,295.9,,140.3,,231.7,295.9,140.3,231.7,268.0,137.0,226.0,[237.4  78.6 -96.4]
170,28.4,291.7,,142.9,,234.2,,291.7,142.9,234.2,263.0,139.0,228.0,[ 228.5   74.8 -106.6]
171,28.5,,291.5,,137.7,,229.6,291.5,137.7,229.6,263.0,134.0,223.0,[232.3  78.  -95.5]
172,28.6,294.1,,142.1,,240.6,,294.1,142.1,240.6,266.0,139.0,234.0,[ 232.9   70.3 -107.6]
173,28.7,,289.2,,138.5,,229.0,289.2,138.5,229.0,261.0,135.0,223.0,[228.6  77.3 -99.4]
174,28.8,292.8,,139.9,,231.7,,292.8,139.9,231.7,264.0,136.0,226.0,[232.2  76.3 -99.8]
175,28.9,,290.1,,140.0,,229.1,290.1,140.0,229.1,262.0,136.0,223.0,[229.3  78.2 -99.8]
176,29.0,296.7,,139.1,,232.0,,296.7,139.1,232.0,268.0,136.0,226.0,[238.1  78.3 -94.9]
177,29.1,,286.0,,140.7,,227.7,286.0,140.7,227.7,258.0,137.0,222.0,[ 222.8   77.4 -104.6]
178,29.2,298.2,,142.2,,230.6,,298.2,142.2,230.6,270.0,139.0,224.0,[238.8  82.3 -95.4]
179,29.3,,292.8,,146.5,,230.1,292.8,146.5,230.1,264.0,143.0,224.0,[ 226.8   80.6 -108.4]
180,29.4,287.7,,140.9,,229.0,,287.7,140.9,229.0,259.0,137.0,223.0,[ 224.2   77.  -104.3]
181,29.5,,291.5,,143.1,,227.0,291.5,143.1,227.0,263.0,140.0,221.0,[ 227.7   81.9 -103. ]
182,29.6,298.5,,152.9,,235.0,,298.5,152.9,235.0,270.0,149.0,229.0,[ 230.8   80.9 -114.4]
183,29.7,,288.9,,146.9,,227.9,288.9,146.9,227.9,261.0,143.0,222.0,[ 222.4   81.  -110. ]
184,29.8,288.8,,145.7,,228.8,,288.8,145.7,228.8,260.0,142.0,223.0,[ 221.8   79.2 -110.1]
185,29.9,,287.9,,147.6,,228.0,287.9,147.6,228.0,260.0,144.0,222.0,[ 220.2   80.8 -112.2]
186,30.0,288.6,,147.2,,228.0,,288.6,147.2,228.0,260.0,144.0,222.0,[ 220.2   80.8 -112.2]
187,30.2,,288.8,,150.3,,228.7,288.8,150.3,228.7,260.0,147.0,223.0,[ 217.8   80.9 -116.7]
188,30.3,288.9,,147.9,,230.3,,288.9,147.9,230.3,261.0,144.0,224.0,[ 221.6   79.4 -112.7]
189,30.4,,283.7,,147.5,,225.5,283.7,147.5,225.5,255.0,144.0,219.0,[ 213.    81.2 -114.3]
190,30.5,286.3,,147.2,,229.5,,286.3,147.2,229.5,258.0,144.0,223.0,[ 217.3   78.9 -114.5]
191,30.6,,288.2,,148.7,,225.5,288.2,148.7,225.5,260.0,145.0,219.0,[ 219.4   84.  -111.4]
192,30.7,285.2,,147.7,,231.0,,285.2,147.7,231.0,257.0,144.0,225.0,[ 215.9   76.4 -116.6]
193,30.8,,281.8,,148.8,,224.4,281.8,148.8,224.4,253.0,145.0,218.0,[ 209.4   81.5 -116.3]
194,30.9,284.0,,148.4,,225.9,,284.0,148.4,225.9,256.0,145.0,220.0,[ 213.6   81.1 -115.5]
195,31.0,,286.4,,152.9,,225.9,286.4,152.9,225.9,258.0,149.0,220.0,[ 213.2   83.5 -118.9]
196,31.1,284.7,,150.2,,225.7,,284.7,150.2,225.7,256.0,147.0,220.0,[ 212.    81.8 -117.9]
197,31.2,,281.9,,151.7,,223.5,281.9,151.7,223.5,254.0,148.0,217.0,[ 208.4   84.  -118.4]
198,31.3,286.4,,152.4,,226.6,,286.4,152.4,226.6,258.0,149.0,220.0,[ 213.2   83.5 -118.9]
199,31.4,,286.2,,155.7,,225.7,286.2,155.7,225.7,258.0,152.0,220.0,[ 210.7   84.6 -122.5]
200,31.5,283.6,,149.8,,224.7,,283.6,149.8,224.7,255.0,146.0,219.0,[ 211.4   81.9 -116.7]
201,31.6,,282.6,,152.1,,222.6,282.6,152.1,222.6,254.0,149.0,216.0,[ 207.5   85.3 -119.1]
202,31.7,282.9,,151.0,,224.4,,282.9,151.0,224.4,255.0,147.0,218.0,[ 210.6   83.2 -117.3]
203,31.8,,279.4,,153.6,,222.1,279.4,153.6,222.1,251.0,150.0,216.0,[ 202.5   84.2 -122.1]
204,31.9,281.2,,151.6,,225.9,,281.2,151.6,225.9,253.0,148.0,220.0,[ 207.    80.7 -121. ]
205,32.0,,281.5,,154.7,,221.4,281.5,154.7,221.4,253.0,151.0,215.0,[ 204.5   86.5 -121.3]
206,32.1,286.3,,157.2,,226.5,,286.3,157.2,226.5,258.0,154.0,220.0,[ 209.    85.4 -124.9]
207,32.2,,288.9,,163.0,,222.2,288.9,163.0,222.2,261.0,159.0,216.0,[ 209.    92.5 -126. ]
208,32.3,282.6,,154.0,,222.8,,282.6,154.0,222.8,254.0,150.0,217.0,[ 206.7   84.8 -120.8]
209,32.4,,280.0,,324.9,,220.3,280.0,154.0,220.3,252.0,150.0,214.0,[ 203.9   86.6 -120.1]
210,32.5,281.1,,153.6,,225.8,,281.1,153.6,225.8,253.0,150.0,220.0,[ 205.3   81.4 -123.4]
211,32.6,,276.6,,326.9,,219.9,276.6,153.6,219.9,248.0,150.0,214.0,[ 198.3   84.7 -122.5]
212,32.7,280.0,,154.6,,224.3,,280.0,154.6,224.3,252.0,151.0,218.0,[ 203.1   83.2 -123.8]
213,32.8,,276.0,,167.3,,219.2,276.0,167.3,219.2,248.0,164.0,213.0,[ 186.1   90.9 -136.4]
214,32.9,278.9,,154.6,,219.8,,278.9,154.6,219.8,251.0,151.0,214.0,[ 201.7   86.4 -121.9]
215,33.0,,280.3,,168.7,,219.1,280.3,168.7,219.1,252.0,165.0,213.0,[ 190.8   93.2 -135.7]
216,33.2,277.8,,156.1,,223.2,,277.8,156.1,223.2,249.0,153.0,217.0,[ 197.2   83.4 -127.1]
217,33.3,,277.5,,322.5,,217.7,277.5,156.1,217.7,249.0,153.0,212.0,[ 197.2   88.1 -123.9]
218,33.4,277.8,,157.2,,223.5,,277.8,157.2,223.5,249.0,154.0,217.0,[ 196.3   83.8 -128.2]
219,33.5,,277.5,,171.9,,217.8,277.5,171.9,217.8,249.0,168.0,212.0,[ 183.8   93.9 -139.3]
220,33.6,285.6,,158.0,,221.8,,285.6,158.0,221.8,257.0,154.0,216.0,[ 207.6   88.6 -122.9]
221,33.7,,274.2,,324.9,,217.4,274.2,158.0,217.4,246.0,154.0,211.0,[ 192.2   87.9 -125.9]
222,33.8,276.6,,158.6,,218.3,,276.6,158.6,218.3,248.0,155.0,212.0,[ 194.1   88.3 -126.6]
223,33.9,,273.7,,325.5,,216.5,273.7,158.6,216.5,245.0,155.0,210.0,[ 190.    88.8 -126.6]
224,34.0,275.6,,159.1,,219.3,,275.6,159.1,219.3,247.0,156.0,213.0,[ 191.9   87.3 -128.7]
225,34.1,,280.5,,315.8,,216.2,280.5,315.8,216.2,252.0,312.0,210.0,[  -4.   180.7 -175.6]
226,34.2,274.9,,160.5,,217.0,,274.9,160.5,217.0,247.0,157.0,211.0,[ 191.    89.5 -128.5]
227,34.3,,274.4,,326.1,,215.8,274.4,160.5,215.8,246.0,157.0,210.0,[ 189.6   90.  -128.3]
228,34.4,274.9,,163.8,,218.8,,274.9,163.8,218.8,247.0,160.0,213.0,[ 188.4   88.8 -132.8]
229,34.5,,274.5,,325.4,,214.5,274.5,163.8,214.5,246.0,160.0,208.0,[ 187.    92.9 -130.1]
230,34.6,272.4,,163.5,,218.8,,272.4,163.5,218.8,244.0,160.0,213.0,[ 184.3   87.4 -133.9]
231,34.7,,268.5,,184.4,,214.4,268.5,184.4,214.4,240.0,181.0,208.0,[ 159.    98.8 -150.2]
232,34.8,271.9,,164.5,,217.2,,271.9,164.5,217.2,244.0,161.0,211.0,[ 183.4   89.6 -133.7]
233,34.9,,268.5,,167.5,,213.4,268.5,167.5,213.4,240.0,164.0,207.0,[ 175.3   92.6 -135.3]
234,35.0,271.2,,166.5,,213.9,,271.2,166.5,213.9,243.0,163.0,208.0,[ 180.2   92.7 -134.1]
235,35.1,,269.8,,169.4,,212.9,269.8,169.4,212.9,241.0,166.0,207.0,[ 174.8   93.9 -136.8]
236,35.2,270.5,,168.2,,214.1,,270.5,168.2,214.1,242.0,165.0,208.0,[ 177.1   93.  -136.2]
237,35.3,,271.9,,170.8,,215.5,271.9,170.8,215.5,244.0,167.0,209.0,[ 177.9   93.9 -138.1]
238,35.4,271.1,,170.4,,215.1,,271.1,170.4,215.1,243.0,167.0,209.0,[ 176.6   93.4 -138.3]
239,35.5,,265.6,,168.3,,211.9,265.6,168.3,211.9,237.0,165.0,206.0,[ 170.4   92.5 -136.3]
240,35.6,269.4,,170.0,,214.3,,269.4,170.0,214.3,241.0,166.0,208.0,[ 174.8   92.9 -137.5]
241,35.7,,264.8,,169.5,,211.1,264.8,169.5,211.1,236.0,166.0,205.0,[ 168.2   93.3 -136.7]
242,35.8,268.2,,170.8,,214.3,,268.2,170.8,214.3,240.0,167.0,208.0,[ 172.5   92.9 -138.6]
243,35.9,,268.5,,171.2,,210.8,268.5,171.2,210.8,240.0,168.0,205.0,[ 171.6   96.  -137.6]
244,36.0,267.0,,171.3,,211.8,,267.0,171.3,211.8,239.0,168.0,206.0,[ 170.3   94.6 -138.5]
245,36.1,,264.4,,171.3,,209.9,264.4,171.3,209.9,236.0,168.0,204.0,[ 166.3   95.  -137.9]
246,36.2,268.3,,173.4,,213.0,,268.3,173.4,213.0,240.0,170.0,207.0,[ 169.7   95.  -140.6]
247,36.4,,269.8,,175.9,,209.9,269.8,175.9,209.9,241.0,172.0,204.0,[ 169.2   99.  -140.2]
248,36.5,265.3,,172.4,,213.0,,265.3,172.4,213.0,237.0,169.0,207.0,[ 166.7   93.2 -140.3]
249,36.6,,264.2,,173.8,,209.3,264.2,173.8,209.3,236.0,170.0,203.0,[ 164.4   96.8 -138.9]
250,36.7,266.5,,174.9,,212.5,,266.5,174.9,212.5,238.0,171.0,206.0,[ 166.1   95.4 -141.3]
251,36.8,,263.3,,177.6,,208.5,263.3,177.6,208.5,235.0,174.0,202.0,[ 159.3   98.8 -141.7]
252,36.9,265.3,,175.4,,209.3,,265.3,175.4,209.3,237.0,172.0,203.0,[ 163.8   98.  -140.5]
253,37.0,,262.7,,178.2,,208.5,262.7,178.2,208.5,234.0,175.0,202.0,[ 157.    98.8 -142.6]
254,37.1,264.8,,175.6,,208.4,,264.8,175.6,208.4,236.0,172.0,202.0,[ 162.5   98.5 -140. ]
255,37.2,,259.4,,178.5,,206.7,259.4,178.5,206.7,231.0,175.0,201.0,[ 153.2   98.3 -142.2]
256,37.3,264.1,,177.6,,207.4,,264.1,177.6,207.4,236.0,174.0,201.0,[ 160.6  100.2 -140.9]
257,37.4,,262.2,,182.6,,207.0,262.2,182.6,207.0,234.0,179.0,201.0,[ 153.1  101.4 -145. ]
258,37.5,262.2,,176.5,,210.2,,262.2,176.5,210.2,234.0,173.0,204.0,[ 159.    96.2 -142.2]
259,37.6,,261.1,,180.8,,206.3,261.1,180.8,206.3,233.0,177.0,200.0,[ 153.8  100.9 -143. ]
260,37.7,261.6,,178.6,,206.5,,261.6,178.6,206.5,233.0,175.0,200.0,[ 155.7  100.1 -141.5]
261,37.8,,258.9,,183.3,,205.9,258.9,183.3,205.9,231.0,180.0,200.0,[ 148.2  101.4 -145.3]
262,37.9,260.6,,179.7,,208.2,,260.6,179.7,208.2,232.0,176.0,202.0,[ 153.5   98.3 -143.5]
263,38.0,,255.7,,196.7,,205.5,255.7,196.7,205.5,227.0,193.0,199.0,[ 129.7  106.3 -153. ]
264,38.1,264.6,,181.9,,206.0,,264.6,181.9,206.0,236.0,178.0,200.0,[ 156.7  102.7 -143.5]
265,38.2,,261.1,,186.6,,206.3,261.1,186.6,206.3,233.0,183.0,200.0,[ 147.8  103.5 -147.4]
266,38.3,258.9,,180.7,,207.7,,258.9,180.7,207.7,231.0,177.0,202.0,[ 151.2   98.3 -144.3]
267,38.4,,256.5,,194.1,,204.4,256.5,194.1,204.4,228.0,191.0,198.0,[ 133.1  106.7 -151.3]
268,38.5,257.9,,181.9,,204.9,,257.9,181.9,204.9,230.0,178.0,199.0,[ 148.9  100.9 -143.3]
269,38.6,,254.7,,187.1,,204.4,254.7,187.1,204.4,226.0,184.0,198.0,[ 137.8  102.6 -146.8]
270,38.7,257.6,,184.4,,207.8,,257.6,184.4,207.8,229.0,181.0,202.0,[ 144.7   99.1 -147.2]
271,38.8,,253.2,,189.4,,204.1,253.2,189.4,204.1,225.0,186.0,198.0,[ 134.5  103.1 -148. ]
272,38.9,256.9,,184.4,,207.0,,256.9,184.4,207.0,229.0,181.0,201.0,[ 144.7  100.  -146.6]
273,39.0,,258.7,,194.2,,204.0,258.7,194.2,204.0,230.0,191.0,198.0,[ 135.6  107.6 -151.4]
274,39.1,259.5,,188.6,,205.8,,259.5,188.6,205.8,231.0,185.0,200.0,[ 143.2  103.5 -148.8]
275,39.2,,259.5,,194.0,,205.6,259.5,194.0,205.6,231.0,190.0,199.0,[ 137.9  106.7 -151.5]
276,39.3,266.8,,193.0,,205.9,,266.8,193.0,205.9,238.0,189.0,200.0,[ 148.1  108.5 -151.5]
277,39.4,,252.4,,190.9,,202.7,252.4,190.9,202.7,224.0,187.0,197.0,[ 132.2  104.  -147.9]
278,39.6,256.7,,186.7,,203.0,,256.7,186.7,203.0,228.0,183.0,197.0,[ 141.4  103.9 -145.6]
279,39.7,,253.0,,189.9,,202.3,253.0,189.9,202.3,225.0,186.0,196.0,[ 134.5  104.8 -146.8]
280,39.8,256.0,,188.8,,201.6,,256.0,188.8,201.6,228.0,185.0,195.0,[ 139.3  106.5 -145.7]
281,39.9,,250.6,,192.6,,202.3,250.6,192.6,202.3,222.0,189.0,196.0,[ 127.7  104.8 -148.3]
282,40.0,254.5,,188.1,,203.7,,254.5,188.1,203.7,226.0,185.0,198.0,[ 136.8  103.1 -147.4]
283,40.1,,251.9,,192.5,,201.9,251.9,192.5,201.9,224.0,189.0,196.0,[ 130.2  105.7 -148.5]
284,40.2,256.1,,188.9,,201.9,,256.1,188.9,201.9,228.0,185.0,196.0,[ 139.3  105.7 -146.3]
285,40.3,,252.7,,193.8,,201.8,252.7,193.8,201.8,224.0,190.0,196.0,[ 129.1  106.2 -149.1]
286,40.4,255.7,,193.0,,200.3,,255.7,193.0,200.3,227.0,189.0,194.0,[ 133.9  108.7 -147.6]
287,40.5,,252.4,,195.1,,201.5,252.4,195.1,201.5,224.0,192.0,195.0,[ 127.   107.9 -149.7]
288,40.6,254.5,,192.3,,199.7,,254.5,192.3,199.7,226.0,189.0,194.0,[ 132.7  108.3 -147.4]
289,40.7,,249.8,,192.5,,201.5,249.8,192.5,201.5,221.0,189.0,195.0,[ 126.4  105.3 -147.6]
290,40.8,252.4,,193.8,,199.7,,252.4,193.8,199.7,224.0,190.0,194.0,[ 129.1  107.9 -147.9]
291,40.9,,248.3,,192.7,,200.6,248.3,192.7,200.6,220.0,189.0,194.0,[ 125.2  105.7 -146.8]
292,41.0,251.7,,194.4,,198.9,,251.7,194.4,198.9,223.0,191.0,193.0,[ 126.8  108.7 -147.8]
293,41.1,,250.6,,194.4,,200.7,250.6,194.4,200.7,222.0,191.0,195.0,[ 125.6  106.6 -148.8]
294,41.2,250.9,,196.6,,199.7,,250.9,196.6,199.7,223.0,193.0,194.0,[ 124.7  108.8 -149.5]
295,41.3,,246.9,,194.5,,199.6,246.9,194.5,199.6,219.0,191.0,193.0,[ 121.9  107.  -147.1]
296,41.4,250.2,,196.0,,200.4,,250.2,196.0,200.4,222.0,192.0,194.0,[ 124.5  107.9 -148.8]
297,41.5,,247.1,,197.0,,199.9,247.1,197.0,199.9,219.0,193.0,194.0,[ 119.8  107.1 -148.8]
298,41.6,250.4,,197.1,,197.8,,250.4,197.1,197.8,222.0,194.0,192.0,[ 122.4  110.5 -148.6]
299,41.7,,246.7,,196.2,,198.9,246.7,196.2,198.9,218.0,193.0,193.0,[ 118.5  107.6 -148. ]
300,41.8,249.3,,197.8,,197.4,,249.3,197.8,197.4,221.0,194.0,191.0,[ 121.1  111.  -147.8]
301,41.9,,244.9,,197.9,,198.6,244.9,197.9,198.6,217.0,194.0,192.0,[ 116.3  108.4 -147.7]
302,42.0,255.2,,199.9,,197.9,,255.2,199.9,197.9,227.0,196.0,192.0,[ 126.4  113.7 -150.4]
303,42.1,,252.8,,206.3,,201.8,252.8,206.3,201.8,224.0,203.0,196.0,[ 114.9  112.3 -156.1]
304,42.2,248.2,,198.6,,199.0,,248.2,198.6,199.0,220.0,195.0,193.0,[ 118.8  109.3 -149.5]
305,42.3,,246.2,,201.8,,198.1,246.2,201.8,198.1,218.0,198.0,192.0,[ 113.1  110.7 -149.9]
306,42.4,249.5,,200.8,,196.8,,249.5,200.8,196.8,221.0,197.0,191.0,[ 117.9  112.3 -149.4]
307,42.5,,253.1,,209.3,,200.6,253.1,209.3,200.6,225.0,206.0,194.0,[ 112.7  116.  -156.4]
308,42.6,247.5,,200.6,,198.8,,247.5,200.6,198.8,219.0,197.0,193.0,[ 115.4  109.9 -150.2]
309,42.8,,242.9,,202.1,,197.4,242.9,202.1,197.4,215.0,199.0,191.0,[ 108.4  110.8 -149. ]
310,42.9,248.8,,201.4,,197.0,,248.8,201.4,197.0,220.0,198.0,191.0,[ 115.5  112.4 -149.8]
311,43.0,,255.4,,210.6,,201.2,255.4,210.6,201.2,227.0,207.0,195.0,[ 114.1  116.5 -157.9]
312,43.1,246.8,,202.3,,198.1,,246.8,202.3,198.1,218.0,199.0,192.0,[ 112.   111.2 -150.4]
313,43.2,,243.2,,206.0,,196.4,243.2,206.0,196.4,215.0,202.0,190.0,[ 105.1  113.1 -149.6]
314,43.3,245.6,,203.0,,198.5,,245.6,203.0,198.5,217.0,199.0,192.0,[ 110.8  110.8 -150.1]
315,43.4,,242.0,,205.6,,196.8,242.0,205.6,196.8,214.0,202.0,191.0,[ 103.9  111.8 -150. ]
316,43.5,247.1,,205.5,,198.1,,247.1,205.5,198.1,219.0,202.0,192.0,[ 109.9  113.1 -152. ]
317,43.6,,244.7,,207.7,,196.8,244.7,207.7,196.8,216.0,204.0,191.0,[ 104.   113.6 -151.4]
318,43.7,246.1,,205.6,,197.8,,246.1,205.6,197.8,218.0,202.0,192.0,[ 108.7  112.7 -151.7]
319,43.8,,244.3,,211.0,,196.7,244.3,211.0,196.7,216.0,207.0,191.0,[ 100.6  115.1 -152.6]
320,43.9,246.5,,207.5,,194.0,,246.5,207.5,194.0,218.0,204.0,188.0,[ 106.4  117.  -150. ]
321,44.0,,242.0,,207.7,,195.9,242.0,207.7,195.9,214.0,204.0,190.0,[ 101.6  113.6 -150.2]
322,44.1,254.5,,209.2,,198.2,,254.5,209.2,198.2,226.0,206.0,192.0,[ 114.   118.1 -155.3]
323,44.2,,238.8,,209.2,,196.4,238.8,209.2,196.4,210.0,206.0,190.0,[  94.6  113.  -149.6]
324,44.3,245.8,,210.8,,195.5,,245.8,210.8,195.5,217.0,207.0,189.0,[ 101.8  117.2 -151.6]
325,44.4,,246.1,,216.2,,199.5,246.1,216.2,199.5,218.0,213.0,193.0,[  96.   117.3 -156.7]
326,44.5,243.8,,209.3,,193.4,,243.8,209.3,193.4,215.0,206.0,187.0,[ 100.5  117.5 -149.4]
327,44.6,,237.0,,211.3,,195.5,237.0,211.3,195.5,209.0,208.0,189.0,[  91.2  114.4 -149.3]
328,44.7,243.8,,210.3,,195.9,,243.8,210.3,195.9,215.0,207.0,190.0,[  99.4  115.5 -151.7]
329,44.8,,239.2,,213.3,,196.7,239.2,213.3,196.7,211.0,210.0,191.0,[  91.2  114.6 -151.9]
330,44.9,243.8,,211.0,,194.4,,243.8,211.0,194.4,215.0,207.0,188.0,[  99.4  117.2 -150.4]
331,45.0,,239.7,,215.0,,196.3,239.7,215.0,196.3,211.0,211.0,190.0,[  90.   115.9 -151.6]
332,45.1,243.2,,212.5,,194.7,,243.2,212.5,194.7,215.0,209.0,189.0,[  97.1  117.4 -151.7]
333,45.2,,239.0,,215.8,,194.8,239.0,215.8,194.8,211.0,212.0,189.0,[  88.8  117.3 -151.2]
334,45.3,242.1,,213.2,,195.9,,242.1,213.2,195.9,214.0,210.0,190.0,[  94.7  116.6 -152.4]
335,45.4,,236.2,,216.6,,195.6,236.2,216.6,195.6,208.0,213.0,189.0,[  84.2  116.5 -150.3]
336,45.5,247.5,,220.0,,194.4,,247.5,220.0,194.4,219.0,216.0,188.0,[  93.6  123.5 -154.8]
337,45.6,,235.9,,217.0,,195.1,235.9,217.0,195.1,208.0,213.0,189.0,[  84.2  116.5 -150.3]
338,45.7,242.7,,215.2,,194.0,,242.7,215.2,194.0,214.0,212.0,188.0,[  92.4  119.3 -151.7]
339,45.8,,237.2,,218.8,,194.4,237.2,218.8,194.4,209.0,215.0,188.0,[  82.9  118.8 -150.6]
340,46.0,244.3,,220.0,,197.0,,244.3,220.0,197.0,216.0,216.0,191.0,[  90.   119.7 -155.7]
341,46.1,,236.5,,226.6,,193.8,236.5,226.6,193.8,208.0,223.0,188.0,[  72.   122.7 -151.7]
342,46.2,238.6,,217.4,,190.8,,238.6,217.4,190.8,210.0,214.0,185.0,[  85.3  121.1 -148.9]
343,46.3,,235.4,,223.1,,194.4,235.4,223.1,194.4,207.0,220.0,188.0,[  74.6  120.6 -150.8]
344,46.4,247.3,,222.4,,191.6,,247.3,222.4,191.6,219.0,219.0,185.0,[  90.   127.5 -153.6]
345,46.5,,247.1,,224.3,,196.7,247.1,224.3,196.7,219.0,221.0,191.0,[  87.6  123.6 -158.1]
346,46.6,239.2,,219.6,,190.5,,239.2,219.6,190.5,211.0,216.0,184.0,[  84.1  123.4 -149.1]
347,46.7,,234.9,,221.4,,194.7,234.9,221.4,194.7,207.0,218.0,189.0,[  77.   118.8 -151. ]
348,46.8,239.0,,221.8,,190.7,,239.0,221.8,190.7,211.0,218.0,185.0,[  81.7  123.6 -150.2]
349,46.9,,233.6,,224.3,,195.1,233.6,224.3,195.1,205.0,221.0,189.0,[  71.1  119.5 -150.6]
350,47.0,242.5,,227.0,,192.7,,242.5,227.0,192.7,214.0,223.0,187.0,[  79.1  125.9 -153.9]
351,47.1,,237.7,,228.4,,199.2,237.7,228.4,199.2,209.0,225.0,193.0,[  70.7  120.  -155.8]
352,47.2,239.8,,225.0,,190.9,,239.8,225.0,190.9,211.0,221.0,185.0,[  78.   125.2 -150.9]
353,47.3,,232.4,,224.3,,195.1,232.4,224.3,195.1,204.0,221.0,189.0,[  69.9  119.2 -150.1]
354,47.4,235.7,,224.0,,190.9,,235.7,224.0,190.9,207.0,220.0,185.0,[  74.6  123.1 -148.8]
355,47.5,,232.2,,224.4,,193.7,232.2,224.4,193.7,204.0,221.0,188.0,[  69.9  120.  -149.4]
356,47.6,237.2,,225.1,,190.0,,237.2,225.1,190.0,209.0,222.0,184.0,[  74.4  125.8 -149.4]
357,47.7,,233.6,,225.7,,193.4,233.6,225.7,193.4,205.0,222.0,187.0,[  69.8  121.7 -149.5]
358,47.8,237.2,,226.3,,193.3,,237.2,226.3,193.3,209.0,223.0,187.0,[  73.2  123.9 -151.6]
359,47.9,,231.8,,227.0,,194.2,231.8,227.0,194.2,203.0,223.0,188.0,[  66.3  120.7 -149.1]
360,48.0,236.9,,227.6,,190.8,,236.9,227.6,190.8,209.0,224.0,185.0,[  72.   126.  -150.4]
361,48.1,,232.8,,229.5,,194.5,232.8,229.5,194.5,204.0,226.0,188.0,[  63.7  122.7 -150. ]
362,48.2,237.7,,228.5,,189.0,,237.7,228.5,189.0,209.0,225.0,183.0,[  70.7  128.2 -149.2]
363,48.3,,230.2,,228.5,,192.6,230.2,228.5,192.6,202.0,225.0,186.0,[  62.7  123.  -147.5]
364,48.4,237.5,,230.3,,189.2,,237.5,230.3,189.2,209.0,227.0,183.0,[  68.2  129.2 -149.5]
365,48.5,,230.6,,231.6,,192.5,230.6,231.6,192.5,202.0,228.0,186.0,[  58.9  124.6 -147.7]
366,48.6,235.8,,229.5,,189.2,,235.8,229.5,189.2,207.0,226.0,183.0,[  67.1  127.9 -148.3]
367,48.7,,230.9,,231.3,,192.9,230.9,231.3,192.9,203.0,228.0,187.0,[  60.1  124.2 -148.9]
368,48.8,233.3,,229.9,,187.4,,233.3,229.9,187.4,205.0,226.0,181.0,[  64.9  128.7 -145.8]
369,48.9,,230.3,,235.3,,193.0,230.3,235.3,193.0,202.0,232.0,187.0,[  53.8  126.  -148.4]
370,49.0,234.6,,232.0,,191.5,,234.6,232.0,191.5,206.0,228.0,185.0,[  63.5  127.  -149.2]
371,49.2,,228.5,,233.3,,192.6,228.5,233.3,192.6,200.0,230.0,186.0,[  54.2  124.9 -146.5]
372,49.3,235.3,,234.7,,189.4,,235.3,234.7,189.4,207.0,231.0,183.0,[  60.8  130.7 -148.6]
373,49.4,,230.9,,235.0,,194.0,230.9,235.0,194.0,203.0,231.0,188.0,[  56.2  125.1 -149.7]
374,49.5,233.8,,233.9,,186.8,,233.8,233.9,186.8,205.0,230.0,181.0,[  59.8  130.9 -146. ]
375,49.6,,232.7,,235.7,,334.6,232.7,235.7,186.8,204.0,232.0,181.0,[  56.1  131.6 -145.4]
376,49.7,247.9,,234.4,,187.8,,247.9,234.4,187.8,220.0,231.0,182.0,[  76.2  136.8 -154.5]
377,49.8,,227.3,,235.1,,333.9,227.3,235.1,187.8,199.0,232.0,182.0,[  50.5  128.9 -143. ]
378,49.9,242.4,,233.8,,187.5,,242.4,233.8,187.5,214.0,230.0,181.0,[  70.3  134.5 -150.9]
379,50.0,,228.4,,235.8,,334.2,228.4,235.8,187.5,200.0,232.0,181.0,[  51.6  130.  -143. ]
380,50.1,233.3,,234.7,,187.8,,233.3,234.7,187.8,205.0,231.0,182.0,[  58.5  130.7 -146.7]
381,50.2,,229.6,,236.5,,333.8,229.6,236.5,187.8,201.0,233.0,182.0,[  51.4  130.2 -144.2]
382,50.3,236.2,,234.7,,187.0,,236.2,234.7,187.0,208.0,231.0,181.0,[  62.   132.6 -147.8]
383,50.4,,229.1,,237.7,,333.0,229.1,237.7,187.0,201.0,234.0,181.0,[  50.1  131.6 -143.4]
384,50.5,236.2,,238.8,,190.1,,236.2,238.8,190.1,208.0,235.0,184.0,[  56.8  132.5 -149.9]
385,50.6,,228.3,,235.4,,334.9,228.3,235.4,190.1,200.0,232.0,184.0,[  51.6  127.7 -145. ]
386,50.7,242.7,,235.1,,189.3,,242.7,235.1,189.3,214.0,232.0,183.0,[  67.7  134.1 -152.4]
387,50.8,,228.0,,235.8,,334.2,228.0,235.8,189.3,200.0,232.0,183.0,[  51.6  128.5 -144.3]
388,50.9,232.5,,234.3,,188.6,,232.5,234.3,188.6,204.0,231.0,182.0,[  57.4  130.2 -146.2]
389,51.0,,237.9,,243.6,,329.5,237.9,243.6,188.6,210.0,240.0,182.0,[  52.5  137.8 -149.5]
390,51.1,233.3,,234.2,,186.6,,233.3,234.2,186.6,205.0,231.0,180.0,[  58.5  132.2 -145.3]
391,51.2,,227.6,,235.3,,334.7,227.6,235.3,186.6,199.0,232.0,180.0,[  50.5  130.4 -141.6]
392,51.3,234.6,,235.0,,187.8,,234.6,235.0,187.8,206.0,231.0,182.0,[  59.7  131.  -147.3]
393,51.4,,229.0,,235.3,,335.3,229.0,235.3,187.8,201.0,232.0,182.0,[  52.7  129.6 -144.3]
394,51.5,233.6,,234.6,,186.4,,233.6,234.6,186.4,205.0,231.0,180.0,[  58.5  132.2 -145.3]
395,51.6,,228.1,,235.5,,334.2,228.1,235.5,186.4,200.0,232.0,180.0,[  51.6  130.8 -142.2]
396,51.7,234.0,,234.9,,189.6,,234.0,234.9,189.6,206.0,231.0,183.0,[  59.7  130.2 -148.1]
397,51.8,,228.1,,236.6,,334.6,228.1,236.6,189.6,200.0,233.0,183.0,[  50.3  129.  -144.3]
398,51.9,235.8,,235.5,,189.4,,235.8,235.5,189.4,207.0,232.0,183.0,[  59.5  131.2 -148.6]
399,52.0,,230.7,,236.2,,333.4,230.7,236.2,189.4,202.0,233.0,183.0,[  52.5  129.8 -145.6]
400,52.1,232.7,,233.9,,186.8,,232.7,233.9,186.8,204.0,230.0,181.0,[  58.7  130.5 -145.4]
401,52.3,,226.1,,234.7,,334.9,226.1,234.7,186.8,198.0,231.0,181.0,[  50.7  128.7 -141.7]
402,52.4,232.9,,234.9,,187.2,,232.9,234.9,187.2,205.0,231.0,181.0,[  58.5  131.4 -146.1]
403,52.5,,225.1,,235.0,,334.0,225.1,235.0,187.2,197.0,231.0,181.0,[  49.6  128.3 -141. ]
404,52.6,238.1,,235.1,,189.3,,238.1,235.1,189.3,210.0,232.0,183.0,[  63.   132.4 -150.3]
405,52.7,,238.4,,244.0,,329.7,238.4,244.0,189.3,210.0,240.0,183.0,[  52.5  137.  -150.2]
406,52.8,232.7,,234.2,,186.4,,232.7,234.2,186.4,204.0,231.0,180.0,[  57.4  131.8 -144.7]
407,52.9,,226.3,,235.1,,335.0,226.3,235.1,186.4,198.0,232.0,180.0,[  49.4  130.1 -140.8]
408,53.0,233.9,,235.7,,187.1,,233.9,235.7,187.1,206.0,232.0,181.0,[  58.4  132.4 -146.6]
409,53.1,,229.4,,235.3,,335.6,229.4,235.3,187.1,201.0,232.0,181.0,[  52.7  130.4 -143.6]
410,53.2,234.2,,235.0,,188.2,,234.2,235.0,188.2,206.0,231.0,182.0,[  59.7  131.  -147.3]
411,53.3,,235.8,,236.4,,333.4,235.8,236.4,188.2,207.0,233.0,182.0,[  58.2  132.6 -147.9]
412,53.4,241.3,,234.6,,187.1,,241.3,234.6,187.1,213.0,231.0,181.0,[  67.8  134.7 -150.4]
413,53.5,,227.3,,235.1,,334.3,227.3,235.1,187.1,199.0,232.0,181.0,[  50.5  129.7 -142.2]
414,53.6,234.2,,234.2,,189.6,,234.2,234.2,189.6,206.0,231.0,183.0,[  59.7  130.2 -148.1]
415,53.7,,228.0,,234.9,,334.6,228.0,234.9,189.6,200.0,231.0,183.0,[  52.9  127.9 -144.4]
416,53.8,239.4,,234.0,,189.3,,239.4,234.0,189.3,211.0,230.0,183.0,[  66.7  131.7 -150.8]
417,53.9,,226.2,,235.8,,335.3,226.2,235.8,189.3,198.0,232.0,183.0,[  49.4  127.7 -143. ]
418,54.0,233.6,,235.3,,189.6,,233.6,235.3,189.6,205.0,232.0,183.0,[  57.2  130.4 -147.5]
419,54.1,,227.0,,235.9,,334.9,227.0,235.9,189.6,199.0,232.0,183.0,[  50.5  128.1 -143.7]
420,54.2,234.2,,235.3,,187.5,,234.2,235.3,187.5,206.0,232.0,181.0,[  58.4  132.4 -146.6]
421,54.3,,232.0,,239.0,,332.5,232.0,239.0,187.5,204.0,235.0,181.0,[  52.2  133.3 -145.3]
422,54.4,233.3,,235.0,,186.7,,233.3,235.0,186.7,205.0,231.0,181.0,[  58.5  131.4 -146.1]
423,54.5,,227.7,,236.2,,334.6,227.7,236.2,186.7,199.0,233.0,181.0,[  49.2  130.2 -142.2]
424,54.6,235.5,,234.7,,187.1,,235.5,234.7,187.1,207.0,231.0,181.0,[  60.8  132.2 -147.2]
425,54.7,,230.1,,236.6,,333.1,230.1,236.6,187.1,202.0,233.0,181.0,[  52.5  131.4 -144.2]
426,54.8,234.0,,234.3,,186.7,,234.0,234.3,186.7,206.0,231.0,181.0,[  59.7  131.8 -146.6]
427,54.9,,229.5,,236.8,,334.0,229.5,236.8,186.7,201.0,233.0,181.0,[  51.4  131.  -143.5]
428,55.0,242.0,,241.0,,192.2,,242.0,241.0,192.2,214.0,237.0,186.0,[  61.2  134.5 -154.8]
429,55.1,,226.6,,236.4,,334.6,226.6,236.4,192.2,198.0,233.0,186.0,[  48.1  125.8 -145.1]
430,55.2,233.8,,234.6,,188.3,,233.8,234.6,188.3,205.0,231.0,182.0,[  58.5  130.7 -146.7]
431,55.3,,225.8,,234.9,,335.3,225.8,234.9,188.3,197.0,231.0,182.0,[  49.6  127.5 -141.7]
432,55.4,232.5,,234.7,,186.7,,232.5,234.7,186.7,204.0,231.0,181.0,[  57.4  131.  -145.5]
433,55.6,,228.1,,236.1,,334.3,228.1,236.1,186.7,200.0,233.0,181.0,[  50.3  130.6 -142.9]
434,55.7,233.2,,234.7,,189.6,,233.2,234.7,189.6,205.0,231.0,183.0,[  58.5  129.9 -147.4]
435,55.8,,234.0,,240.3,,330.8,234.0,240.3,189.6,206.0,237.0,183.0,[  51.9  133.6 -148. ]
436,55.9,237.9,,234.3,,189.6,,237.9,234.3,189.6,210.0,231.0,183.0,[  64.3  131.8 -150.3]
437,56.0,,228.7,,235.4,,334.2,228.7,235.4,189.6,200.0,232.0,183.0,[  51.6  128.5 -144.3]
438,56.1,233.3,,234.2,,186.7,,233.3,234.2,186.7,205.0,231.0,181.0,[  58.5  131.4 -146.1]
439,56.2,,226.6,,235.1,,334.9,226.6,235.1,186.7,198.0,232.0,181.0,[  49.4  129.3 -141.6]
440,56.3,232.4,,234.2,,186.6,,232.4,234.2,186.6,204.0,231.0,180.0,[  57.4  131.8 -144.7]
441,56.4,,227.2,,235.5,,334.6,227.2,235.5,186.6,199.0,232.0,180.0,[  50.5  130.4 -141.6]
442,56.5,234.7,,234.2,,188.8,,234.7,234.2,188.8,206.0,231.0,183.0,[  59.7  130.2 -148.1]
443,56.6,,225.1,,235.7,,334.2,225.1,235.7,188.8,197.0,232.0,183.0,[  48.3  127.3 -142.4]
444,56.7,233.8,,235.0,,186.7,,233.8,235.0,186.7,205.0,231.0,181.0,[  58.5  131.4 -146.1]
445,56.8,,228.7,,234.2,,334.2,228.7,234.2,186.7,200.0,231.0,181.0,[  52.9  129.5 -142.9]
446,56.9,231.6,,234.7,,189.3,,231.6,234.7,189.3,203.0,231.0,183.0,[  56.2  129.1 -146.2]
447,57.0,,233.5,,238.1,,331.7,233.5,238.1,189.3,205.0,235.0,183.0,[  53.3  132.1 -147.4]
448,57.1,235.0,,235.9,,187.4,,235.0,235.9,187.4,207.0,232.0,181.0,[  59.5  132.8 -147.2]
449,57.2,,225.8,,234.2,,335.0,225.8,234.2,187.4,197.0,231.0,181.0,[  49.6  128.3 -141. ]
450,57.3,240.5,,239.1,,191.6,,240.5,239.1,191.6,212.0,236.0,185.0,[  60.1  133.9 -153. ]
451,57.4,,244.6,,242.5,,331.4,244.6,242.5,191.6,216.0,239.0,185.0,[  60.9  137.3 -155.2]
452,57.5,233.8,,234.0,,186.8,,233.8,234.0,186.8,205.0,230.0,181.0,[  59.8  130.9 -146. ]
453,57.6,,227.9,,235.8,,334.5,227.9,235.8,186.8,200.0,232.0,181.0,[  51.6  130.  -143. ]
454,57.7,233.6,,234.0,,189.2,,233.6,234.0,189.2,205.0,230.0,183.0,[  59.8  129.3 -147.4]
455,57.8,,229.0,,238.8,,327.3,229.0,238.8,327.3,201.0,235.0,321.0,[  48.8  -20.7 -193.9]
456,57.9,233.1,,235.1,,189.4,,233.1,235.1,189.4,205.0,232.0,183.0,[  57.2  130.4 -147.5]
457,58.0,,226.8,,236.4,,333.4,226.8,236.4,189.4,198.0,233.0,183.0,[  48.1  128.2 -143. ]
458,58.1,233.5,,234.3,,189.4,,233.5,234.3,189.4,205.0,231.0,183.0,[  58.5  129.9 -147.4]
459,58.2,,227.4,,235.5,,333.2,227.4,235.5,189.4,199.0,232.0,183.0,[  50.5  128.1 -143.7]
460,58.3,244.2,,241.0,,190.4,,244.2,241.0,190.4,216.0,237.0,184.0,[  63.6  136.9 -154.5]
461,58.4,,230.1,,235.7,,333.4,230.1,235.7,190.4,202.0,232.0,184.0,[  53.8  128.5 -146.3]
462,58.5,231.8,,232.2,,188.5,,231.8,232.2,188.5,203.0,229.0,182.0,[  58.8  128.8 -145.5]
463,58.6,,226.5,,235.0,,335.4,226.5,235.0,188.5,198.0,231.0,182.0,[  50.7  127.9 -142.4]
464,58.7,236.2,,236.6,,190.7,,236.2,236.6,190.7,208.0,233.0,185.0,[  59.4  130.6 -150.6]
465,58.9,,228.7,,234.9,,334.3,228.7,234.9,190.7,200.0,231.0,185.0,[  52.9  126.3 -145.8]
466,59.0,238.3,,236.2,,188.9,,238.3,236.2,188.9,210.0,233.0,183.0,[  61.7  133.  -150.3]
467,59.1,,230.3,,238.7,,332.4,230.3,238.7,188.9,202.0,235.0,183.0,[  49.9  130.9 -145.5]
468,59.2,334.9,,240.2,,190.4,,230.3,240.2,190.4,202.0,237.0,184.0,[  47.3  131.3 -146. ]
469,59.3,,230.7,,235.1,,335.1,230.7,235.1,190.4,202.0,232.0,184.0,[  53.8  128.5 -146.3]
470,59.4,336.9,,234.7,,189.2,,230.7,234.7,189.2,202.0,231.0,183.0,[  55.1  128.7 -145.6]
471,59.5,,262.0,,235.1,,334.5,262.0,235.1,189.2,234.0,232.0,183.0,[  92.6  142.7 -160.7]
472,59.6,337.6,,240.2,,188.9,,262.0,240.2,188.9,234.0,237.0,183.0,[  86.1  145.5 -161.8]
473,59.7,,343.4,,236.1,,334.3,343.4,236.1,188.9,315.0,233.0,183.0,[ 214.8  186.3 -135.6]
474,59.8,335.3,,234.9,,187.8,,343.4,234.9,187.8,315.0,231.0,182.0,[ 217.4  185.9 -131.9]
475,59.9,,226.6,,235.4,,334.6,226.6,235.4,187.8,198.0,232.0,182.0,[  49.4  128.5 -142.3]
476,60.0,244.2,,241.0,,192.9,,244.2,241.0,192.9,216.0,237.0,187.0,[  63.6  134.5 -156.6]
477,60.1,,227.0,,235.9,,334.7,227.0,235.9,192.9,199.0,232.0,187.0,[  50.5  124.9 -146.5]
478,60.2,232.4,,234.2,,189.4,,232.4,234.2,189.4,204.0,231.0,183.0,[  57.4  129.4 -146.9]
479,60.3,,229.2,,236.4,,334.2,229.2,236.4,189.4,201.0,233.0,183.0,[  51.4  129.4 -145. ]
480,60.4,234.9,,235.9,,186.3,,234.9,235.9,186.3,207.0,232.0,180.0,[  59.5  133.6 -146.5]
481,60.5,,226.6,,236.2,,334.5,226.6,236.2,186.3,198.0,233.0,180.0,[  48.1  130.6 -140.8]
482,60.6,233.3,,235.0,,187.0,,233.3,235.0,187.0,205.0,231.0,181.0,[  58.5  131.4 -146.1]
483,60.7,,230.3,,238.7,,332.5,230.3,238.7,187.0,202.0,235.0,181.0,[  49.9  132.5 -144.1]
484,60.8,235.0,,235.8,,190.8,,235.0,235.8,190.8,207.0,232.0,185.0,[  59.5  129.6 -150. ]
485,60.9,,230.9,,237.0,,333.5,230.9,237.0,190.8,203.0,233.0,185.0,[  53.7  128.6 -147.6]
486,61.0,233.8,,234.3,,188.8,,233.8,234.3,188.8,205.0,231.0,183.0,[  58.5  129.9 -147.4]
487,61.1,,227.0,,235.4,,333.8,227.0,235.4,188.8,199.0,232.0,183.0,[  50.5  128.1 -143.7]
488,61.2,234.9,,235.0,,187.4,,234.9,235.0,187.4,207.0,231.0,181.0,[  60.8  132.2 -147.2]
489,61.3,,234.7,,236.4,,333.0,234.7,236.4,187.4,206.0,233.0,181.0,[  57.1  132.9 -146.7]
490,61.4,233.5,,233.9,,189.0,,233.5,233.9,189.0,205.0,230.0,183.0,[  59.8  129.3 -147.4]
491,61.5,,231.3,,238.3,,331.9,231.3,238.3,189.0,203.0,235.0,183.0,[  51.1  131.3 -146.1]
492,61.6,233.1,,235.1,,187.4,,233.1,235.1,187.4,205.0,232.0,181.0,[  57.2  132.  -146. ]
493,61.7,,229.5,,235.5,,334.0,229.5,235.5,187.4,201.0,232.0,181.0,[  52.7  130.4 -143.6]
494,61.8,233.8,,235.5,,189.3,,233.8,235.5,189.3,205.0,232.0,183.0,[  57.2  130.4 -147.5]
495,61.9,,229.2,,238.0,,333.2,229.2,238.0,189.3,201.0,234.0,183.0,[  50.1  130.  -144.9]
496,62.1,236.1,,237.2,,188.1,,236.1,237.2,188.1,208.0,234.0,182.0,[  58.1  133.5 -148.5]
497,62.2,,226.3,,235.4,,333.6,226.3,235.4,188.1,198.0,232.0,182.0,[  49.4  128.5 -142.3]
498,62.3,234.7,,236.2,,188.2,,234.7,236.2,188.2,206.0,233.0,182.0,[  57.1  132.2 -147.3]
499,62.4,,229.9,,234.9,,334.3,229.9,234.9,188.2,202.0,231.0,182.0,[  55.1  129.5 -144.9]
500,62.5,235.8,,235.9,,188.8,,235.8,235.9,188.8,207.0,232.0,183.0,[  59.5  131.2 -148.6]
501,62.6,,229.8,,239.7,,331.9,229.8,239.7,188.8,201.0,236.0,183.0,[  47.5  131.1 -144.8]
502,62.7,232.2,,234.9,,189.0,,232.2,234.9,189.0,204.0,231.0,183.0,[  57.4  129.4 -146.9]
503,62.8,,229.1,,235.3,,334.2,229.1,235.3,189.0,201.0,232.0,183.0,[  52.7  128.9 -144.9]
504,62.9,232.1,,234.4,,188.9,,232.1,234.4,188.9,204.0,231.0,183.0,[  57.4  129.4 -146.9]
505,63.0,,226.9,,236.5,,333.9,226.9,236.5,188.9,199.0,233.0,183.0,[  49.2  128.6 -143.7]
506,63.1,232.4,,234.2,,186.7,,232.4,234.2,186.7,204.0,231.0,181.0,[  57.4  131.  -145.5]
507,63.2,,229.5,,237.2,,333.6,229.5,237.2,186.7,201.0,234.0,181.0,[  50.1  131.6 -143.4]
508,63.3,239.4,,234.4,,186.6,,239.4,234.4,186.6,211.0,231.0,180.0,[  65.4  134.7 -148.7]
509,63.4,,225.9,,233.1,,335.1,225.9,233.1,186.6,198.0,230.0,180.0,[  52.   128.9 -141. ]
510,63.5,235.3,,234.3,,188.2,,235.3,234.3,188.2,207.0,231.0,182.0,[  60.8  131.4 -147.9]
511,63.6,,229.2,,235.3,,334.0,229.2,235.3,188.2,201.0,232.0,182.0,[  52.7  129.6 -144.3]
512,63.7,232.4,,234.2,,189.0,,232.4,234.2,189.0,204.0,231.0,183.0,[  57.4  129.4 -146.9]
513,63.8,,235.8,,236.2,,333.5,235.8,236.2,189.0,207.0,233.0,183.0,[  58.2  131.8 -148.6]
514,63.9,233.6,,235.1,,187.0,,233.6,235.1,187.0,205.0,232.0,181.0,[  57.2  132.  -146. ]
515,64.0,,226.8,,235.3,,334.2,226.8,235.3,187.0,198.0,232.0,181.0,[  49.4  129.3 -141.6]
516,64.1,235.8,,235.0,,190.1,,235.8,235.0,190.1,207.0,231.0,184.0,[  60.8  129.9 -149.3]
517,64.2,,234.3,,237.5,,332.3,234.3,237.5,190.1,206.0,234.0,184.0,[  55.8  131.1 -148.8]
518,64.3,234.0,,234.6,,187.0,,234.0,234.6,187.0,206.0,231.0,181.0,[  59.7  131.8 -146.6]
519,64.4,,230.6,,236.8,,332.5,230.6,236.8,187.0,202.0,233.0,181.0,[  52.5  131.4 -144.2]
520,64.5,232.8,,233.9,,189.2,,232.8,233.9,189.2,204.0,230.0,183.0,[  58.7  128.9 -146.8]
521,64.6,,228.0,,235.0,,334.7,228.0,235.0,189.2,200.0,231.0,183.0,[  52.9  127.9 -144.4]
522,64.7,232.7,,233.9,,189.3,,232.7,233.9,189.3,204.0,230.0,183.0,[  58.7  128.9 -146.8]
523,64.8,,228.5,,235.7,,334.3,228.5,235.7,189.3,200.0,232.0,183.0,[  51.6  128.5 -144.3]
524,64.9,233.2,,234.6,,188.6,,233.2,234.6,188.6,205.0,231.0,182.0,[  58.5  130.7 -146.7]
525,65.0,,228.8,,237.2,,333.4,228.8,237.2,188.6,200.0,234.0,182.0,[  49.   130.4 -143.5]
526,65.1,233.9,,234.9,,188.1,,233.9,234.9,188.1,206.0,231.0,182.0,[  59.7  131.  -147.3]
527,65.3,,230.1,,235.1,,334.3,230.1,235.1,188.1,202.0,232.0,182.0,[  53.8  130.  -144.9]
528,65.4,233.6,,235.1,,187.1,,233.6,235.1,187.1,205.0,232.0,181.0,[  57.2  132.  -146. ]
529,65.5,,229.0,,237.5,,333.2,229.0,237.5,187.1,201.0,234.0,181.0,[  50.1  131.6 -143.4]
530,65.6,236.6,,237.2,,188.9,,236.6,237.2,188.9,208.0,234.0,183.0,[  58.1  132.7 -149.3]
531,65.7,,228.8,,236.5,,335.1,228.8,236.5,188.9,200.0,233.0,183.0,[  50.3  129.  -144.3]
532,65.8,232.8,,234.0,,188.1,,232.8,234.0,188.1,204.0,230.0,182.0,[  58.7  129.7 -146.1]
533,65.9,,230.9,,235.9,,334.0,230.9,235.9,188.1,203.0,232.0,182.0,[  55.   130.4 -145.5]
534,66.0,234.2,,235.7,,188.6,,234.2,235.7,188.6,206.0,232.0,182.0,[  58.4  131.6 -147.3]
535,66.1,,229.1,,235.4,,334.2,229.1,235.4,188.6,201.0,232.0,182.0,[  52.7  129.6 -144.3]
536,66.2,233.1,,235.0,,186.8,,233.1,235.0,186.8,205.0,231.0,181.0,[  58.5  131.4 -146.1]
537,66.3,,226.8,,234.9,,334.3,226.8,234.9,186.8,198.0,231.0,181.0,[  50.7  128.7 -141.7]
538,66.4,232.9,,234.0,,186.8,,232.9,234.0,186.8,205.0,230.0,181.0,[  59.8  130.9 -146. ]
539,66.5,,229.0,,235.3,,333.9,229.0,235.3,186.8,201.0,232.0,181.0,[  52.7  130.4 -143.6]
540,66.6,233.1,,234.6,,187.8,,233.1,234.6,187.8,205.0,231.0,182.0,[  58.5  130.7 -146.7]
541,66.7,,229.4,,237.5,,334.3,229.4,237.5,187.8,201.0,234.0,182.0,[  50.1  130.8 -144.2]
542,66.8,239.0,,240.6,,191.4,,239.0,240.6,191.4,211.0,237.0,185.0,[  57.6  134.1 -152.4]
543,66.9,,233.8,,237.6,,333.6,233.8,237.6,191.4,205.0,234.0,185.0,[  54.6  130.  -148.8]
544,67.0,231.4,,233.6,,187.0,,231.4,233.6,187.0,203.0,230.0,181.0,[  57.5  130.1 -144.8]
545,67.1,,235.4,,235.4,,334.3,235.4,235.4,187.0,207.0,232.0,181.0,[  59.5  132.8 -147.2]
546,67.2,234.2,,236.2,,190.8,,234.2,236.2,190.8,206.0,233.0,185.0,[  57.1  129.8 -149.4]
547,67.3,,226.9,,235.8,,334.9,226.9,235.8,190.8,199.0,232.0,185.0,[  50.5  126.5 -145.1]
548,67.4,236.6,,235.5,,187.5,,236.6,235.5,187.5,208.0,232.0,181.0,[  60.7  133.2 -147.8]
549,67.5,,231.8,,236.2,,333.8,231.8,236.2,187.5,203.0,233.0,181.0,[  53.7  131.8 -144.8]
550,67.6,233.3,,234.0,,188.6,,233.3,234.0,188.6,205.0,230.0,182.0,[  59.8  130.1 -146.7]
551,67.7,,228.3,,236.2,,333.2,228.3,236.2,188.6,200.0,233.0,182.0,[  50.3  129.8 -143.6]
552,67.8,232.5,,234.7,,186.3,,232.5,234.7,186.3,204.0,231.0,180.0,[  57.4  131.8 -144.7]
553,67.9,,227.4,,235.0,,335.4,227.4,235.0,186.3,199.0,231.0,180.0,[  51.8  129.9 -141.6]
554,68.0,234.9,,234.4,,189.9,,234.9,234.4,189.9,207.0,231.0,184.0,[  60.8  129.9 -149.3]
555,68.1,,228.3,,235.9,,334.2,228.3,235.9,189.9,200.0,232.0,184.0,[  51.6  127.7 -145. ]
556,68.2,233.2,,233.6,,161.0,,233.2,233.6,161.0,205.0,230.0,155.0,[  59.8  149.9 -126.4]
557,68.3,,227.6,,236.8,,334.9,227.6,236.8,161.0,199.0,233.0,155.0,[  49.2  149.2 -122.1]
558,68.5,233.9,,234.3,,153.1,,233.9,234.3,153.1,206.0,231.0,147.0,[  59.7  156.1 -120.4]
559,68.6,,228.4,,237.0,,332.8,228.4,237.0,153.1,200.0,233.0,147.0,[  50.3  154.8 -116.2]
560,68.7,233.8,,235.0,,146.9,,233.8,235.0,146.9,205.0,231.0,141.0,[  58.5  159.4 -114.9]
561,68.8,,228.3,,237.2,,333.6,228.3,237.2,146.9,200.0,234.0,141.0,[  49.   159.2 -110.7]
562,68.9,233.3,,234.2,,341.7,,233.3,234.2,341.7,205.0,231.0,336.0,[  58.5  -42.8 -191.8]
563,69.0,,226.5,,234.9,,334.2,226.5,234.9,341.7,198.0,231.0,336.0,[  50.7  -45.5 -185.9]
